date,open,high,low,close,volume
2024-10-03,1452.75,1469,1414.199951171875,1425.199951171875,3967953
2024-10-04,1424.800048828125,1446.4000244140625,1404.199951171875,1413.699951171875,2611371
2024-10-07,1410,1423.9000244140625,1337,1355.199951171875,4531821
2024-10-08,1342,1424.3499755859375,1342,1418.550048828125,3031170
2024-10-09,1424.75,1432.949951171875,1404.3499755859375,1408.1500244140625,1507508
2024-10-10,1417,1430.050048828125,1406.8499755859375,1417.199951171875,1628495
2024-10-11,1415.199951171875,1426.8499755859375,1405.199951171875,1408.25,1158809
2024-10-14,1418,1426,1407.1500244140625,1410.300048828125,762384
2024-10-15,1415.949951171875,1424.699951171875,1407,1420.300048828125,1018477
2024-10-16,1418,1418.4000244140625,1392,1403.800048828125,1450465
2024-10-17,1403.800048828125,1408,1387.550048828125,1394.699951171875,1418861
2024-10-18,1389,1410.550048828125,1376,1405.5999755859375,1290065
2024-10-21,1409.9000244140625,1412.9000244140625,1371.300048828125,1375.5,1644382
2024-10-22,1374.699951171875,1387.0999755859375,1353.9000244140625,1362.8499755859375,2467299
2024-10-23,1362.800048828125,1370.800048828125,1335.199951171875,1340.449951171875,1916219
2024-10-24,1345,1359,1336.199951171875,1354.4000244140625,1115993
2024-10-25,1360,1368,1304.1500244140625,1318.699951171875,2078274
2024-10-28,1326.8499755859375,1364.0999755859375,1303.1500244140625,1352.199951171875,2126411
2024-10-29,1364.699951171875,1377.449951171875,1322,1372.699951171875,3790528
2024-10-30,1379.949951171875,1414.9000244140625,1358.050048828125,1396.199951171875,2526884
2024-10-31,1407.949951171875,1408,1372.0999755859375,1375.949951171875,1891761
2024-11-01,1386.5,1397.949951171875,1378.4000244140625,1394.4000244140625,243881
2024-11-04,1394.199951171875,1395,1336,1349.25,1700308
2024-11-05,1350,1353.050048828125,1295.9000244140625,1329.3499755859375,4852958
2024-11-06,1330,1382,1315.199951171875,1370,3645515
2024-11-07,1372.949951171875,1372.949951171875,1350,1353.0999755859375,1292794
2024-11-08,1353.0999755859375,1367.300048828125,1338.5999755859375,1362.0999755859375,1400491
2024-11-11,1355.0999755859375,1357.949951171875,1339.050048828125,1347.9000244140625,1269498
2024-11-12,1348.050048828125,1354.800048828125,1320,1326,1038042
2024-11-13,1322,1329.25,1284.8499755859375,1287.9000244140625,1437072
2024-11-14,1289.949951171875,1296.6500244140625,1260.6500244140625,1264.550048828125,2963013
2024-11-18,1264,1288.9000244140625,1261.300048828125,1279.300048828125,1445637
2024-11-19,1285,1321.449951171875,1282,1289.6500244140625,2631778
2024-11-21,1160.699951171875,1160.699951171875,995.6500244140625,1114.6500244140625,46926687
2024-11-22,1072.5999755859375,1155.9000244140625,1054,1136.75,27086168
2024-11-25,1185,1191.4000244140625,1139.699951171875,1166.800048828125,10532688
2024-11-26,1172.050048828125,1174.449951171875,1119.3499755859375,1128.8499755859375,5802555
2024-11-27,1102,1231.699951171875,1102,1199.949951171875,24434211
2024-11-28,1196.6500244140625,1226.9000244140625,1163.1500244140625,1167.5999755859375,15602469
2024-11-29,1175,1215.5999755859375,1168.9000244140625,1190.050048828125,9412850
2024-12-02,1201.9000244140625,1220.9000244140625,1189.4000244140625,1215.800048828125,6941125
2024-12-03,1226.949951171875,1309.5,1220,1288.6500244140625,16753958
2024-12-04,1301,1301,1262,1269.550048828125,4874025
2024-12-05,1274,1284.800048828125,1254.199951171875,1277.050048828125,4369917
2024-12-06,1279,1282.5,1256.0999755859375,1259.050048828125,2232531
2024-12-09,1257.800048828125,1277.550048828125,1249,1266.8499755859375,2849557
2024-12-10,1272.9000244140625,1272.9000244140625,1244.4000244140625,1248.75,2406907
2024-12-11,1254.0999755859375,1258.3499755859375,1230.75,1233.800048828125,2595435
2024-12-12,1233.800048828125,1268,1223.449951171875,1244,5457302
2024-12-13,1241.949951171875,1262,1230,1259.949951171875,2818291
2024-12-16,1258,1261.8499755859375,1240.949951171875,1243.1500244140625,1337624
2024-12-17,1235.0999755859375,1259.5,1229.050048828125,1231.9000244140625,2684726
2024-12-18,1236,1238.9000244140625,1207.25,1210.050048828125,1931870
2024-12-19,1187.5,1209,1185,1205,1541271
2024-12-20,1205,1215.9000244140625,1176.199951171875,1182.449951171875,3045185
2024-12-23,1189.949951171875,1199,1174.25,1191.800048828125,1540796
2024-12-24,1198,1203.0999755859375,1180,1182.199951171875,1380778
2024-12-26,1187,1249,1182.550048828125,1243.949951171875,3827047
2024-12-27,1248.449951171875,1250.949951171875,1225.75,1230.699951171875,2595142
2024-12-30,1233.75,1258.800048828125,1212,1218.5,8312636
2024-12-31,1222,1236.800048828125,1208.1500244140625,1231.0999755859375,1717204
2025-01-01,1223,1231.800048828125,1206.3499755859375,1218.699951171875,1937930
2025-01-02,1223.800048828125,1228.4000244140625,1208.0999755859375,1226,3772207
2025-01-03,1234.5,1237.5999755859375,1197,1199.550048828125,3040564
2025-01-06,1199.550048828125,1200.9000244140625,1158.050048828125,1163.050048828125,2298522
2025-01-07,1163.050048828125,1182.1500244140625,1162.050048828125,1174,2010913
2025-01-08,1183.550048828125,1183.550048828125,1141.0999755859375,1152.300048828125,2900996
2025-01-09,1156.699951171875,1156.699951171875,1129.949951171875,1132.3499755859375,1884725
2025-01-10,1134.9000244140625,1137.4000244140625,1106.300048828125,1112.199951171875,1902237
2025-01-13,1100.9000244140625,1106.449951171875,1058.949951171875,1066.6500244140625,2273302
2025-01-14,1078.8499755859375,1131.4000244140625,1075.050048828125,1117.0999755859375,6277854
2025-01-15,1125,1141.949951171875,1118.5,1128.9000244140625,3135942
2025-01-16,1179.949951171875,1190,1145.4000244140625,1150.75,3997547
2025-01-17,1163,1173.6500244140625,1145.5,1163.5,2464355
2025-01-20,1172,1172,1146.5,1148.699951171875,1312101
2025-01-21,1150,1154.25,1104,1106.199951171875,3134022
2025-01-22,1115.5,1118.050048828125,1080.449951171875,1102.25,1906032
2025-01-23,1102.25,1114.25,1089.6500244140625,1104,1968815
2025-01-24,1104.1500244140625,1115,1088.25,1094.1500244140625,2400140
2025-01-27,1085.0999755859375,1093.5999755859375,1067.550048828125,1082,2371555
2025-01-28,1087,1096.6500244140625,1061.25,1080.699951171875,2404643
2025-01-29,1085,1102.8499755859375,1074.5,1096.949951171875,4603700
2025-01-30,1103.9000244140625,1118.5,1010.75,1077.050048828125,14097862
2025-01-31,1085,1109.25,1074,1099.3499755859375,4659891
2025-02-01,1105.9000244140625,1117.5,1063,1084.0999755859375,4919797
2025-02-03,1084,1094,1055,1084.8499755859375,3961203
2025-02-04,1100,1127.9000244140625,1091.75,1125.0999755859375,4071098
2025-02-05,1126,1154.9000244140625,1123.550048828125,1144.3499755859375,2979646
2025-02-06,1155.5999755859375,1169.4000244140625,1140.0999755859375,1164.050048828125,6263278
2025-02-07,1160,1175.6500244140625,1132.800048828125,1146.0999755859375,4079540
2025-02-10,1150,1158.8499755859375,1127.25,1144.199951171875,2415627
2025-02-11,1144.199951171875,1160,1114.050048828125,1140.0999755859375,4901591
2025-02-12,1140,1144.199951171875,1098.949951171875,1128.949951171875,2862155
2025-02-13,1133.800048828125,1151.6500244140625,1106.050048828125,1111.550048828125,3763868
2025-02-14,1120,1120,1042.1500244140625,1062.699951171875,4565339
2025-02-17,1058.949951171875,1089.300048828125,1040,1082.9000244140625,2518527
2025-02-18,1082.9000244140625,1087.9000244140625,1061.949951171875,1085.1500244140625,1715308
2025-02-19,1061.5999755859375,1091.699951171875,1054.550048828125,1082.8499755859375,1792268
2025-02-20,1074.199951171875,1126,1074,1111.699951171875,3714173
2025-02-21,1111.699951171875,1119.0999755859375,1080,1083.25,2360177
2025-02-24,1083.25,1083.25,1065.699951171875,1070.4000244140625,1669749
2025-02-25,1074.5999755859375,1091.4000244140625,1067.75,1080.3499755859375,1665355
2025-02-27,1083,1087.949951171875,1069.0999755859375,1078.949951171875,1819078
2025-02-28,1074,1082.9000244140625,1059.199951171875,1069.4000244140625,2849138
2025-03-03,1074.949951171875,1081,1040.5999755859375,1053.050048828125,2274285
2025-03-04,1047.949951171875,1063,1036.5,1057.949951171875,1788886
2025-03-05,1056.800048828125,1118.6500244140625,1055,1112.699951171875,3785743
2025-03-06,1118.199951171875,1148.75,1101.8499755859375,1136.199951171875,4020627
2025-03-07,1136.199951171875,1156.949951171875,1134.0999755859375,1144.5,2211623
2025-03-10,1146,1168.6500244140625,1136.949951171875,1142.9000244140625,2430740
2025-03-11,1137.300048828125,1145.9000244140625,1124.4000244140625,1135,2399428
2025-03-12,1139,1155.1500244140625,1105,1128.300048828125,2842848
2025-03-13,1135,1139.449951171875,1115.050048828125,1119.199951171875,1358839
2025-03-17,1114.800048828125,1148.550048828125,1111.199951171875,1137.1500244140625,1489537
2025-03-18,1137.1500244140625,1137.1500244140625,1137.1500244140625,1137.1500244140625,0
2025-03-19,1160,1184.5,1158.800048828125,1173.5,2416781
2025-03-20,1185,1186.949951171875,1161.199951171875,1177.449951171875,1919013
2025-03-21,1182,1202.550048828125,1172.050048828125,1188.800048828125,3127446
2025-03-24,1196,1210.8499755859375,1186.050048828125,1200.800048828125,2135192
2025-03-25,1205,1209.0999755859375,1174.550048828125,1182.449951171875,2090037
2025-03-26,1183,1202.199951171875,1173.050048828125,1181.5999755859375,1676081
2025-03-27,1182,1212,1175,1196.75,2004036
2025-03-28,1197.699951171875,1205,1175.199951171875,1182.949951171875,1670913
2025-04-01,1179,1202,1168.050048828125,1174.75,1584541
2025-04-02,1182.4000244140625,1198.949951171875,1167.3499755859375,1195.449951171875,1232853
2025-04-03,1170.25,1205.800048828125,1170.25,1199.9000244140625,1300511
2025-04-04,1196,1200.0999755859375,1143,1148.3499755859375,1785093
2025-04-07,1049.949951171875,1119,1041.5,1110.6500244140625,2192949
2025-04-08,1135,1155.6500244140625,1111.050048828125,1131.3499755859375,2423486
2025-04-09,1133.8499755859375,1135.5999755859375,1112,1131.800048828125,1537177
2025-04-11,1163,1170.300048828125,1148,1164.550048828125,3536245
2025-04-15,1200,1225.9000244140625,1179,1210.800048828125,3176522
2025-04-16,1210,1235.5,1201.5999755859375,1232.9000244140625,1909731
2025-04-17,1232.9000244140625,1282.5,1218.5999755859375,1259.4000244140625,4280765
2025-04-21,1259.4000244140625,1260,1209.4000244140625,1243.0999755859375,6049182
2025-04-22,1249.5999755859375,1255.5999755859375,1227,1233.199951171875,2932537
2025-04-23,1240.0999755859375,1242.800048828125,1216.800048828125,1239.0999755859375,2580999
2025-04-24,1238,1248,1231.5999755859375,1236.4000244140625,2133285
2025-04-25,1236.300048828125,1243.4000244140625,1181.199951171875,1193,3628854
2025-04-28,1188.0999755859375,1214.699951171875,1184.0999755859375,1209.9000244140625,2646406
2025-04-29,1212,1223.9000244140625,1202.5,1216.4000244140625,2381980
2025-04-30,1215.0999755859375,1226.5,1203.9000244140625,1216.5,1824334
2025-05-02,1255,1295,1242.699951171875,1263.0999755859375,10694521
2025-05-05,1290,1377,1285.699951171875,1347.0999755859375,14191797
2025-05-06,1350,1356.300048828125,1315,1320.800048828125,3604276
2025-05-07,1298.800048828125,1341.300048828125,1298.699951171875,1338.199951171875,3269847
2025-05-08,1340,1366.9000244140625,1316.4000244140625,1333.0999755859375,5077662
2025-05-09,1300,1324.9000244140625,1292.5999755859375,1306.300048828125,2979366
2025-05-12,1360,1375,1345.5,1362.0999755859375,3662785
2025-05-13,1360.5999755859375,1391.9000244140625,1347.0999755859375,1369.199951171875,3356599
2025-05-14,1380,1381.9000244140625,1362,1371.800048828125,1557379
2025-05-15,1375.5999755859375,1409.9000244140625,1371.9000244140625,1406.199951171875,3706424
2025-05-16,1410.9000244140625,1424.9000244140625,1401,1407.4000244140625,2777119
2025-05-19,1407.5,1410.5999755859375,1392,1398.300048828125,1317210
2025-05-20,1399,1407.300048828125,1381.4000244140625,1384.5999755859375,2970441
2025-05-21,1380,1391,1370.199951171875,1384.5999755859375,1993690
2025-05-22,1380.0999755859375,1408,1358.5999755859375,1371.4000244140625,3186493
2025-05-23,1383.0999755859375,1398.5,1375,1395.4000244140625,1715309
2025-05-26,1395.800048828125,1410.5999755859375,1394.800048828125,1400.199951171875,1024835
2025-05-27,1397,1419,1385.4000244140625,1404.199951171875,2571237
2025-05-28,1405,1427.800048828125,1403,1411,2035398
2025-05-29,1421,1441,1410.5,1438.5999755859375,1662886
2025-05-30,1442,1457.5,1428.800048828125,1432.800048828125,2575127
2025-06-02,1432.800048828125,1482,1425.300048828125,1468,3164701
2025-06-03,1470,1472,1426.699951171875,1432.300048828125,3677200
2025-06-04,1432.300048828125,1441.0999755859375,1423.0999755859375,1436.199951171875,1446972
2025-06-05,1443.800048828125,1467.699951171875,1438,1456.699951171875,2019939
2025-06-06,1456.699951171875,1478.9000244140625,1453.699951171875,1471.699951171875,1269864
2025-06-09,1482,1484,1463.0999755859375,1467.0999755859375,1493331
2025-06-10,1472,1494,1469.800048828125,1473.800048828125,2125187
2025-06-11,1473.800048828125,1476,1448.800048828125,1456.4000244140625,2192673
2025-06-12,1459.800048828125,1465.5999755859375,1440.0999755859375,1445.800048828125,2192452
2025-06-13,1405,1423.800048828125,1397.0999755859375,1405,3380550
2025-06-16,1389,1411.199951171875,1375,1400.5999755859375,2823300
2025-06-17,1400.5,1414.800048828125,1384,1392.300048828125,1571621
2025-06-18,1387,1395.199951171875,1365.199951171875,1372.5999755859375,1732093
2025-06-19,1370.5,1372.5999755859375,1331.5999755859375,1338,2950283
2025-06-20,1338,1356.699951171875,1334.5999755859375,1349.300048828125,4541583
2025-06-23,1341,1364.9000244140625,1335.699951171875,1354.800048828125,3921155
2025-06-24,1395.0999755859375,1418.699951171875,1385.0999755859375,1389.5,7635176
2025-06-25,1399.699951171875,1404,1385.5,1393.0999755859375,1915989
2025-06-26,1399,1433,1395.199951171875,1429.300048828125,2877806
2025-06-27,1434.9000244140625,1456.800048828125,1427,1440.199951171875,2888390
2025-06-30,1440.800048828125,1453.5,1432.699951171875,1450.199951171875,1586196
2025-07-01,1450.300048828125,1459.800048828125,1442,1447,2134736
2025-07-02,1458,1458,1440,1443.9000244140625,1219600
2025-07-03,1444,1451.0999755859375,1426.699951171875,1431.0999755859375,978007
2025-07-04,1432,1439.9000244140625,1416.5999755859375,1424.4000244140625,608462
2025-07-07,1424.4000244140625,1437.800048828125,1417,1435.5999755859375,764520
2025-07-08,1438,1449.9000244140625,1430,1448.5,824935
2025-07-09,1448.4000244140625,1455.800048828125,1438.300048828125,1443,1008636
2025-07-10,1444,1450.199951171875,1437.199951171875,1443.0999755859375,1035509
2025-07-11,1444,1453.9000244140625,1428.300048828125,1431.699951171875,819864
2025-07-14,1432,1446.5,1426.0999755859375,1433,718442
2025-07-15,1434.4000244140625,1449.300048828125,1429,1445.0999755859375,735108
2025-07-16,1447.5,1474,1442.9000244140625,1456.699951171875,2488981
2025-07-17,1455,1464,1448.9000244140625,1452.5,1168071
2025-07-18,1452.4000244140625,1456.5,1429.0999755859375,1443.0999755859375,1147990
2025-07-21,1442.0999755859375,1453.0999755859375,1430,1450.5,815780
2025-07-22,1454.5,1454.5,1417.0999755859375,1420.699951171875,976668
2025-07-23,1430,1438.5,1419,1420.800048828125,740816
2025-07-24,1423.199951171875,1426,1405,1411.5999755859375,598011
2025-07-25,1411.699951171875,1416.699951171875,1390,1396.300048828125,744410
2025-07-28,1396.300048828125,1404.0999755859375,1373.5,1376,790020
2025-07-29,1376,1398.699951171875,1373.5999755859375,1395.9000244140625,782760
2025-07-30,1398.800048828125,1403.0999755859375,1391.5,1394,627316
2025-07-31,1382.0999755859375,1395.800048828125,1370.300048828125,1373.0999755859375,1412892
2025-08-01,1371,1375.9000244140625,1342.800048828125,1347.0999755859375,1239941
2025-08-04,1349.800048828125,1397,1345.199951171875,1388.9000244140625,1368323
2025-08-05,1392,1394.199951171875,1346,1358.0999755859375,3000067
2025-08-06,1374,1386.9000244140625,1358.0999755859375,1367.0999755859375,2293293
2025-08-07,1351,1357.9000244140625,1315,1345.4000244140625,2857406
2025-08-08,1345.4000244140625,1356.9000244140625,1317.699951171875,1325,1561061
2025-08-11,1325,1348.300048828125,1313.699951171875,1339.4000244140625,2053173
2025-08-12,1342,1349.5999755859375,1328.199951171875,1330.5,1260241
2025-08-13,1335.199951171875,1339.300048828125,1316.5999755859375,1319.5999755859375,1205658
2025-08-14,1324.800048828125,1329,1290.5,1300.300048828125,2298528
2025-08-18,1321.9000244140625,1332,1295,1327.199951171875,10225114
2025-08-19,1332,1371.699951171875,1325,1369.4000244140625,3150673
2025-08-20,1369.4000244140625,1374.5999755859375,1358,1370.5999755859375,1594619
2025-08-21,1371.0999755859375,1377.800048828125,1355.300048828125,1361.800048828125,1227167
2025-08-22,1364,1364,1338.199951171875,1341.199951171875,1210284
2025-08-25,1341.300048828125,1348.9000244140625,1332.5,1340.4000244140625,1214246
2025-08-26,1335.199951171875,1339.9000244140625,1310,1315.4000244140625,1652272
2025-08-28,1316.9000244140625,1338.800048828125,1311.199951171875,1315.4000244140625,1785681
2025-08-29,1318,1322.9000244140625,1303,1312.800048828125,1592903
2025-09-01,1318.300048828125,1338.5,1316.0999755859375,1335.300048828125,983914
2025-09-02,1340.9000244140625,1348.800048828125,1328.199951171875,1336.199951171875,1495993
2025-09-03,1338,1344.800048828125,1327.5999755859375,1332.4000244140625,1774676
2025-09-04,1338,1348,1326,1328.199951171875,1350147
2025-09-05,1330,1335.699951171875,1312.800048828125,1321.800048828125,1135666
2025-09-08,1321.9000244140625,1363.4000244140625,1321.9000244140625,1348.300048828125,1445628
2025-09-09,1354.699951171875,1385,1348.300048828125,1380.9000244140625,3515252
2025-09-10,1400,1404.9000244140625,1385,1389.0999755859375,2553605
2025-09-11,1404.9000244140625,1423.0999755859375,1388,1393.0999755859375,4041646
2025-09-12,1395.5,1406.5,1391.0999755859375,1393.0999755859375,1466190
2025-09-15,1393.0999755859375,1409,1392.199951171875,1395.199951171875,1254831
2025-09-16,1400,1412.5999755859375,1396.5999755859375,1408.199951171875,1636246
2025-09-17,1410,1413.0999755859375,1396.199951171875,1406.0999755859375,1062568
2025-09-18,1410,1415,1401,1412.800048828125,1416920
2025-09-19,1447.800048828125,1460,1425,1427.800048828125,8069167
2025-09-22,1433,1461.699951171875,1425,1444.199951171875,5490489
2025-09-23,1453,1455,1423.0999755859375,1441.5999755859375,2550337
2025-09-24,1445,1452.4000244140625,1429.0999755859375,1431.5999755859375,2603193
2025-09-25,1431.699951171875,1439.9000244140625,1404.0999755859375,1407.199951171875,1970560
2025-09-26,1407.199951171875,1416.699951171875,1390.300048828125,1392,1899079
2025-09-29,1393.5999755859375,1401.300048828125,1377.5999755859375,1383.199951171875,1978395
2025-09-30,1389.699951171875,1408,1387.199951171875,1403.5,1999250
2025-10-01,1406,1426.9000244140625,1392.699951171875,1422.699951171875,1602493
2025-10-03,1413,1431,1412.5,1419.0999755859375,1576970
2025-10-06,1419.0999755859375,1419.0999755859375,1395,1400.5,1338654
2025-10-07,1400.800048828125,1415,1397.300048828125,1399.5,1608151
2025-10-08,1399.4000244140625,1411.0999755859375,1386,1394.300048828125,1704405
2025-10-09,1394.5,1399.800048828125,1388.4000244140625,1395.5999755859375,1250770
2025-10-10,1400.5,1418,1395.699951171875,1409.4000244140625,1359246
2025-10-13,1400.800048828125,1441.9000244140625,1396,1437.800048828125,2245061
2025-10-14,1440,1442.199951171875,1422,1429,2640234
2025-10-15,1430,1456.300048828125,1430,1450.699951171875,2675240
2025-10-16,1454,1490.5,1453,1479.5,6512312
2025-10-17,1479.5,1489,1462.5,1479.4000244140625,3290072
2025-10-20,1488,1489,1459.0999755859375,1467,2660484
2025-10-21,1477,1481.5,1470,1473.5,394024
2025-10-23,1478.800048828125,1483.5,1450.300048828125,1453.0999755859375,2999137
2025-10-24,1463,1463.5,1422.300048828125,1429,1907383
2025-10-27,1429,1429.800048828125,1410,1420.5999755859375,2280976
2025-10-28,1425.9000244140625,1435,1410,1417.9000244140625,2068057
2025-10-29,1424.0999755859375,1464.800048828125,1421.5999755859375,1454.800048828125,3578596
2025-10-30,1458,1463,1449.5999755859375,1457.9000244140625,1380931
2025-10-31,1457.9000244140625,1461.699951171875,1443,1451.5,1141853
2025-11-03,1451.5,1457.4000244140625,1435.300048828125,1444.699951171875,1059573
2025-11-04,1449.5999755859375,1466.300048828125,1432,1444.4000244140625,3554714
2025-11-06,1452.0999755859375,1466.300048828125,1434.300048828125,1436.800048828125,2745063
2025-11-07,1435,1464,1425,1448.300048828125,2184538
2025-11-10,1452.199951171875,1463.9000244140625,1441,1444.9000244140625,1161695
2025-11-11,1453,1476,1437.800048828125,1474.4000244140625,2258827
2025-11-12,1477,1515,1475.5,1506.9000244140625,4641466
2025-11-13,1515,1515,1487.800048828125,1499,2304918
2025-11-14,1500,1523.5999755859375,1497,1512.699951171875,2345593
2025-11-17,1518.9000244140625,1519,1503,1507.5999755859375,1750560
2025-11-18,1518.9000244140625,1518.9000244140625,1490.199951171875,1495,1818617
2025-11-19,1499,1499.5,1478,1484.199951171875,1746304
2025-11-20,1500,1505,1487.5999755859375,1491.0999755859375,1459401
2025-11-21,1492,1492.300048828125,1467.0999755859375,1479.800048828125,1165365
2025-11-24,1482,1490.199951171875,1471.300048828125,1485.9000244140625,2485518
2025-11-25,1490,1492.4000244140625,1474.5,1483.9000244140625,1355333
2025-11-26,1484.300048828125,1523,1484.300048828125,1506.199951171875,3986754
2025-11-27,1511.800048828125,1513.9000244140625,1501,1509.0999755859375,861910
2025-11-28,1510,1534.300048828125,1503.0999755859375,1516.9000244140625,2612938
2025-12-01,1530,1549,1523,1530.5,4059126
2025-12-02,1528.0999755859375,1530,1510,1518.0999755859375,1974536
2025-12-03,1514,1524,1488.5999755859375,1497.699951171875,1958074
2025-12-04,1497.699951171875,1509.0999755859375,1490.199951171875,1505.5999755859375,1591805
2025-12-05,1504.5999755859375,1514,1493.300048828125,1509.4000244140625,1141428
2025-12-08,1509.4000244140625,1510.9000244140625,1472.5999755859375,1480.5,1070689
2025-12-09,1476.9000244140625,1499.199951171875,1460.9000244140625,1497.199951171875,1327921
2025-12-10,1500,1521,1493.5999755859375,1498.0999755859375,1677388
2025-12-11,1496,1515,1495,1504,1451645
2025-12-12,1512,1527.4000244140625,1509.5,1522.800048828125,1152570
2025-12-15,1522.800048828125,1522.800048828125,1508.0999755859375,1512.5999755859375,850425
2025-12-16,1512.5999755859375,1512.5999755859375,1494.199951171875,1499,1122212
2025-12-17,1494.0999755859375,1500,1479.300048828125,1486.300048828125,964352
2025-12-18,1486.4000244140625,1498,1476,1495.699951171875,683681
2025-12-19,1495,1503.699951171875,1490.699951171875,1496.4000244140625,1276175
2025-12-22,1497.5,1515,1497.5,1508.699951171875,1116833
2025-12-23,1508.699951171875,1513.800048828125,1491.199951171875,1493.5999755859375,928446
2025-12-24,1503,1507.199951171875,1492,1494.300048828125,1318023
2025-12-26,1499.5999755859375,1501.4000244140625,1485,1487.0999755859375,876540
2025-12-29,1487.0999755859375,1487.0999755859375,1451,1454.4000244140625,1568472
2025-12-30,1450,1470.5,1447.300048828125,1461.199951171875,3463973
2025-12-31,1468.5,1475,1461.300048828125,1469.800048828125,707055
2026-01-01,1472.800048828125,1490.9000244140625,1470.4000244140625,1481.0999755859375,981252
2026-01-02,1480.0999755859375,1495,1478.300048828125,1489.5,1251176
2026-01-05,1488,1496.800048828125,1479.0999755859375,1493,790039
2026-01-06,1490,1493,1470.699951171875,1473.199951171875,1675609
2026-01-07,1473.199951171875,1480.4000244140625,1459,1465.300048828125,2124534
2026-01-08,1468,1489,1460.300048828125,1465.199951171875,1974347
2026-01-09,1463,1463,1431,1435.9000244140625,2280396
2026-01-12,1435.9000244140625,1447.0999755859375,1403.9000244140625,1443.5,1539180
2026-01-13,1443.5,1449,1420,1428.5999755859375,919873
2026-01-14,1429,1438.9000244140625,1423,1430,1278819
2026-01-15,1430,1430,1430,1430,0
2026-01-16,1430,1448,1416.0999755859375,1421.9000244140625,1556318
2026-01-19,1421,1421,1395.5999755859375,1403,1130162
2026-01-20,1409,1412.9000244140625,1359.5999755859375,1367.5999755859375,1799611
2026-01-21,1371.699951171875,1390.4000244140625,1345,1378.5999755859375,2141532
2026-01-22,1400,1421.699951171875,1388.5,1414.199951171875,1689638
2026-01-23,1417,1417,1292,1308.4000244140625,6380222
2026-01-27,1334.300048828125,1368.300048828125,1322,1363.9000244140625,3838632
2026-01-28,1373.9000244140625,1384.300048828125,1363.699951171875,1381.9000244140625,2938285
2026-01-29,1384.9000244140625,1429,1371.5999755859375,1417.800048828125,3918681
2026-01-30,1417.800048828125,1428.5,1407,1419.800048828125,2227414
2026-02-02,1348,1406,1348,1403.0999755859375,2796673
2026-02-03,1477.199951171875,1537,1477.199951171875,1530.800048828125,11977119
2026-02-04,1529.9000244140625,1572.300048828125,1508.5,1567.9000244140625,6632728
2026-02-05,1568,1577.699951171875,1548.5999755859375,1570.199951171875,3285127
2026-02-06,1563,1575.5,1527,1550.699951171875,4429173
2026-02-09,1575.9000244140625,1583.9000244140625,1554.5,1561.699951171875,1761025
2026-02-10,1565,1568,1525,1554.699951171875,1643366
2026-02-11,1554.699951171875,1559.4000244140625,1539.199951171875,1553.4000244140625,1359416
2026-02-12,1542.0999755859375,1551,1532.5,1543.699951171875,1107584
2026-02-13,1543,1543,1507,1519,1838361
2026-02-16,1517.5,1545.5,1495.300048828125,1540.0999755859375,1644108
2026-02-17,1545,1576.5,1535.699951171875,1566.300048828125,3168457
2026-02-18,1565,1565,1540,1550.800048828125,1326139
2026-02-19,1550,1550.800048828125,1506.699951171875,1513.300048828125,984392
2026-02-20,1513.300048828125,1529.199951171875,1505.199951171875,1511.5,1126987
2026-02-23,1511,1564.5,1510.800048828125,1555.800048828125,3113728
2026-02-24,1553.699951171875,1564,1536.4000244140625,1555.4000244140625,1360612
2026-02-25,1567,1584,1518.5,1528.699951171875,2153982
2026-02-26,1537.5999755859375,1554.5999755859375,1526,1550.5999755859375,1353287
2026-02-27,1545,1545.0999755859375,1516.199951171875,1521,1596106
2026-03-02,1462,1497.300048828125,1430,1470.300048828125,4207514
2026-03-04,1435,1450.5,1409,1434.4000244140625,3386838
2026-03-05,1447.199951171875,1505.5,1447.199951171875,1499.300048828125,3236481
2026-03-06,1489,1497.800048828125,1470,1477.5,2576061
2026-03-09,1405,1436.0999755859375,1405,1421.300048828125,4874245
2026-03-10,1450,1470.300048828125,1416.5,1424.0999755859375,2706284
2026-03-11,1425,1454.9000244140625,1405.699951171875,1410.800048828125,2212011
2026-03-12,1402.5,1418.5999755859375,1375.300048828125,1391.5,2699173
2026-03-13,1388.699951171875,1390,1354,1363.199951171875,2688559
2026-03-16,1356.5999755859375,1383.0999755859375,1347,1373.9000244140625,3322087
2026-03-17,1379,1379,1351.199951171875,1365.5,2605905
2026-03-18,1367.0999755859375,1411.0999755859375,1367.0999755859375,1401.9000244140625,1956685
2026-03-19,1377,1379.5999755859375,1350.5,1356,2160622
2026-03-20,1364.9000244140625,1393.5,1358,1365.4000244140625,4213342
2026-03-23,1350,1350,1293.5,1303.5999755859375,3361416
2026-03-24,1343,1361,1313.5999755859375,1344.199951171875,3132212
2026-03-25,1359.699951171875,1392.699951171875,1354.800048828125,1375.9000244140625,1856531
2026-03-27,1375,1375,1330.0999755859375,1337.800048828125,2667313
2026-03-30,1325,1337.300048828125,1307.0999755859375,1312.5999755859375,2856500
2026-04-01,1351.199951171875,1405.4000244140625,1348.699951171875,1385.4000244140625,3684039
2026-04-02,1354.4000244140625,1384.199951171875,1332.5999755859375,1377.5999755859375,3210456
2026-04-06,1379.800048828125,1391.800048828125,1348.0999755859375,1387.0999755859375,2519628
2026-04-07,1375,1390,1368.4000244140625,1381,1812944
2026-04-08,1464.9000244140625,1505.699951171875,1449,1453.300048828125,7636467
2026-04-09,1437,1456.199951171875,1415.199951171875,1447.4000244140625,3159307
2026-04-10,1442,1478.0999755859375,1438.300048828125,1475.300048828125,4026881
2026-04-13,1426.800048828125,1477.9000244140625,1421,1465.300048828125,3629785
2026-04-15,1484.300048828125,1515,1480.9000244140625,1511.800048828125,4415637
2026-04-16,1524.9000244140625,1555.800048828125,1510,1549.800048828125,7476052
2026-04-17,1559,1578.5,1549.199951171875,1573.4000244140625,6024587
2026-04-20,1572.4000244140625,1600.5,1566.0999755859375,1578.4000244140625,2998603
2026-04-21,1578.5,1611.9000244140625,1578.4000244140625,1594.0999755859375,4276868
2026-04-22,1588.9000244140625,1603.4000244140625,1582,1588.5999755859375,1918773
2026-04-23,1575,1611,1566.199951171875,1602.9000244140625,2406876
2026-04-24,1612,1618.800048828125,1556.5,1585.0999755859375,2290223
2026-04-27,1600,1649.9000244140625,1593,1628.5,3787783
2026-04-28,1628.4000244140625,1648,1624.5,1637.5999755859375,2500914
2026-04-29,1645,1672,1644.9000244140625,1661.0999755859375,2345365
2026-04-30,1650,1677,1596.800048828125,1657.300048828125,6313698
2026-05-01,1657.300048828125,1657.300048828125,1657.300048828125,1657.300048828125,0
2026-05-04,1702,1748.5999755859375,1687.300048828125,1742.5999755859375,7171346
2026-05-05,1749.800048828125,1757.4000244140625,1718.699951171875,1725,4357699
2026-05-06,1750,1762.4000244140625,1718.5999755859375,1748.300048828125,3001204
2026-05-07,1748.300048828125,1755.9000244140625,1708,1732.800048828125,3280485
2026-05-08,1740.4000244140625,1792,1727.699951171875,1760.4000244140625,4984856
2026-05-11,1757.0999755859375,1785.5999755859375,1733.0999755859375,1767.300048828125,4111229
2026-05-12,1752,1765.9000244140625,1683.199951171875,1688.199951171875,3441070
2026-05-13,1688.199951171875,1752.300048828125,1688,1737.800048828125,3018421
2026-05-14,1761,1782.5,1745.4000244140625,1773.4000244140625,3051398
2026-05-15,1796.800048828125,1823.9000244140625,1766.199951171875,1795.0999755859375,5622212
2026-05-18,1785.5,1793,1745,1787.699951171875,2562978
2026-05-19,1790.800048828125,1805,1758.800048828125,1762.800048828125,2274987
2026-05-20,1749,1777.800048828125,1744.300048828125,1772.5999755859375,1283223
2026-05-21,1781.4000244140625,1800.800048828125,1776.800048828125,1793.300048828125,1628329
2026-05-22,1793.300048828125,1802.300048828125,1780.5,1786.9000244140625,1487044
2026-05-25,1809,1813.300048828125,1793,1802.9000244140625,1516143
2026-05-26,1805,1820.5,1800,1811.199951171875,2104926
2026-05-27,1810,1842.800048828125,1809.9000244140625,1824.5,2102406
2026-05-28,1824.5,1824.5,1824.5,1824.5,0
2026-05-29,1836.4000244140625,1840.699951171875,1796.4000244140625,1804.5999755859375,3554087
2026-06-01,1809.0999755859375,1814.9000244140625,1777,1783.5,1224826
2026-06-02,1745.199951171875,1817.800048828125,1745.199951171875,1814.5,2256569
2026-06-03,1829.4000244140625,1840,1781.9000244140625,1803.800048828125,2967709
2026-06-04,1794.300048828125,1826.4000244140625,1786.199951171875,1790.9000244140625,1369988
2026-06-05,1801.5,1827.9000244140625,1796.699951171875,1824.199951171875,1640762
2026-06-08,1805.5999755859375,1832.800048828125,1791.5999755859375,1805,2574439
2026-06-09,1828,1832.5999755859375,1792.4000244140625,1826.4000244140625,1776339
2026-06-10,1826,1857.800048828125,1812.199951171875,1821.199951171875,2933100
2026-06-11,1814.5999755859375,1820.4000244140625,1781.699951171875,1787.0999755859375,2229041
2026-06-12,1804,1818,1777.9000244140625,1812.9000244140625,2325897
2026-06-15,1839,1840.300048828125,1798.9000244140625,1804.800048828125,1421741
2026-06-16,1804.800048828125,1828,1797.0999755859375,1822,2215994
2026-06-17,1824,1833,1806.300048828125,1828.5999755859375,2697924
2026-06-18,1833,1849.5,1820,1842.0999755859375,1643528
2026-06-19,1842.0999755859375,1849,1830,1835.300048828125,4382841
2026-06-22,1835.300048828125,1836.800048828125,1808.0999755859375,1827.199951171875,1524494
2026-06-23,1832.5999755859375,1842,1779.0999755859375,1784,3309685
2026-06-24,1786,1818,1775,1813.300048828125,2141905
2026-06-25,1813.300048828125,1831.4000244140625,1790.9000244140625,1796,1850390
2026-06-26,1796,1796,1796,1796,0
2026-06-29,1809.5,1809.5,1770.5,1776.0999755859375,1693498
2026-06-30,1786.9000244140625,1816.300048828125,1782.5999755859375,1810.199951171875,2230098
2026-07-01,1829.5,1881.699951171875,1815.4000244140625,1848.199951171875,4123193
2026-07-02,1858.5,1888,1845.5,1883.199951171875,3089068
2026-07-03,1885,1891.0999755859375,1865,1874.199951171875,1645113
2026-07-06,1872.800048828125,1883.5,1859.300048828125,1864.4000244140625,1042695
2026-07-07,1872,1880.5,1828.699951171875,1833.9000244140625,1818238
2026-07-08,1824.9000244140625,1850.4000244140625,1783.199951171875,1791.699951171875,1413919
2026-07-09,1795.300048828125,1821,1795.300048828125,1800.0999755859375,1106782
2026-07-10,1800.0999755859375,1852.9000244140625,1800.0999755859375,1828.0999755859375,1489787
2026-07-13,1811,1825.9000244140625,1807.0999755859375,1810.300048828125,1156618
2026-07-14,1819.300048828125,1840.9000244140625,1808.5999755859375,1821.9000244140625,1636778
2026-07-15,1826,1838,1817.199951171875,1829.0999755859375,917984
2026-07-16,1828.5,1859.699951171875,1817.5,1826.4000244140625,1952268
2026-07-17,1825.5999755859375,1841.5,1817.0999755859375,1837.4000244140625,962152
2026-07-20,1836.0999755859375,1853.699951171875,1828,1844,754950
2026-07-21,1840,1857.4000244140625,1833,1846.5,1372166
2026-07-22,1837.0999755859375,1847.199951171875,1811.9000244140625,1819.4000244140625,1436881
2026-07-23,1818.300048828125,1825.5,1769,1778.5,2592430
2026-07-24,1764.9000244140625,1784.9000244140625,1755.199951171875,1768.300048828125,1685770
2026-07-27,1784,1785,1752.0999755859375,1770.4000244140625,2266975
2026-07-28,1770.4000244140625,1783,1758.9000244140625,1774.699951171875,1776549
2026-07-29,1785,1792,1705.0999755859375,1719.699951171875,5088460
2026-07-30,1726.699951171875,1727.699951171875,1658.4000244140625,1664.0999755859375,5395211
2026-07-31,1674,1708.0999755859375,1650,1696.5,4703646
2026-08-03,1713.4000244140625,1715.9000244140625,1692.800048828125,1701,1664693
2026-08-04,1703.0999755859375,1713.9000244140625,1690,1706.699951171875,1099071
2026-08-05,1708.199951171875,1710.699951171875,1688.0999755859375,1700,2333361
2026-08-06,1704,1706,1685.800048828125,1695,1254956
2026-08-07,1695,1702.300048828125,1676.699951171875,1693.5,2387389
2026-08-10,1690,1690,1673.0999755859375,1681,2177216
2026-08-11,1700,1703.4000244140625,1661.800048828125,1668.199951171875,2263466
2026-08-12,1669.800048828125,1672.699951171875,1640.4000244140625,1665,1494540
2026-08-13,1665,1669.9000244140625,1641.0999755859375,1658,1992956
2026-08-14,1658,1700,1657.199951171875,1700,1978204
2026-08-17,1700,1704,1678.0999755859375,1691,1594217
2026-08-18,1691.5999755859375,1693.699951171875,1667,1682.4000244140625,1298165
2026-08-19,1684,1684,1667,1681.9000244140625,1217074
2026-08-20,1690,1698.5,1680.4000244140625,1696,1661649
2026-08-21,1697.199951171875,1702,1684.9000244140625,1700,1113535
2026-08-24,1700,1700,1672.0999755859375,1672.0999755859375,1061245
2026-08-25,1674,1702.699951171875,1671,1702.699951171875,1300541
2026-08-26,1711.9000244140625,1719.699951171875,1690.5,1691.5,1937255
2026-08-27,1703,1719,1691.199951171875,1714,2044450
2026-08-28,1712,1723.9000244140625,1699.199951171875,1707.5,3268356
2026-08-31,1710,1711.4000244140625,1593.0999755859375,1593.0999755859375,9621819
2026-09-01,1625,1655.5999755859375,1625,1647.5,3770354
2026-09-02,1637.0999755859375,1676.699951171875,1632.0999755859375,1672.699951171875,2338937
2026-09-03,1694.9000244140625,1710.800048828125,1681.800048828125,1706.5,3370497
2026-09-04,1699.9000244140625,1716.9000244140625,1692.4000244140625,1707.300048828125,1281968
2026-09-07,1714,1716.4000244140625,1685.9000244140625,1694.300048828125,1175225
2026-09-08,1694,1713.0999755859375,1685.199951171875,1710,1217135
2026-09-09,1719,1785.9000244140625,1706,1775,5527528
2026-09-10,1779.9000244140625,1780,1750.4000244140625,1768,2777377
2026-09-11,1755,1771.9000244140625,1750.800048828125,1764.5999755859375,1674823
2026-09-14,1764.5999755859375,1764.5999755859375,1764.5999755859375,1764.5999755859375,0
2026-09-15,1791.4000244140625,1791.4000244140625,1713.800048828125,1713.800048828125,1610729
2026-09-16,1722.9000244140625,1737.9000244140625,1707,1723.800048828125,1060410
2026-09-17,1731,1738.800048828125,1725.0999755859375,1738.300048828125,791353
2026-09-18,1748,1824,1744,1824,4148803
2026-09-21,1793.699951171875,1796.800048828125,1766.699951171875,1787.0999755859375,2317822
2026-09-22,1796,1812.699951171875,1786.0999755859375,1795,871935
2026-09-23,1799,1810.0999755859375,1790.5,1807.300048828125,1185484
2026-09-24,1802.4000244140625,1802.4000244140625,1775,1785.300048828125,1589739
2026-09-25,1791.800048828125,1800.5999755859375,1775,1788,895306
2026-09-28,1788,1791.800048828125,1736.5999755859375,1743.699951171875,1262576
2026-09-29,1755.199951171875,1822,1738.4000244140625,1822,4214197
